열1,text,original,pos,pos_word,neg,neg_word,senti_score,sigmoid,predict,일치여부
0,직장에서 해고당할 것 같아서 불안해.,부정,0,[],2,"['해고', '당하']",-2,0.119 ,부정,O
1,당뇨 때문에 강제로 운동을 해야 해서 너무 짜증 나.,부정,0,[],2,"['당뇨', '짜증']",-2,0.119 ,부정,O
2,회사에서 임원 승진 팔 개월 만에 실적 부진으로 해임되어서 화가 나네.,부정,1,['승진'],1,['화'],0,0.500 ,부정,O
3,친했던 친구들이 나를 따돌리는 것 같아 충격이야.,부정,1,['친구'],1,['충격'],0,0.500 ,부정,O
4,믿었던 친구에 대한 배신감으로 너무 힘들어.,부정,1,['친구'],0,[],1,0.731 ,긍정,X
5,결국 이렇게 시름시름 앓다가 나는 죽을까봐 점점 겁이나.,부정,0,[],1,['겁'],-1,0.269 ,부정,O
6,취업 준비를 포기할래. 더는 불합격 통보에 상처받고 싶지 않아.,부정,0,[],2,"['포기', '상처']",-2,0.119 ,부정,O
7,지금이 나이에 빚을 가지고 원금은 커녕 이자를 갚기도 급해.,부정,0,[],2,"['나이', '빚']",-2,0.119 ,부정,O
8,나 요즘 아주 편안해.,긍정,1,['편안'],0,[],1,0.731 ,긍정,O
9,싸움을 말리다가 오히려 상황을 안 좋게 만든 것 같아 마음이 무거워.,부정,1,['마음'],1,['안'],0,0.500 ,부정,O
10,오늘 당황스러운 일이 생겼어.,부정,0,[],1,['당황'],-1,0.269 ,부정,O
11,내 친구들보다 내가 더 건강이 안 좋은 것 같아서 열등감이 느껴져.,부정,2,"['친구', '건강']",1,['안'],1,0.731 ,긍정,X
12,내가 세상을 떠난 뒤 나를 기억하고 그리워해 줄 사람이 없을 것 같아 서글퍼.,부정,0,[],0,[],0,0.500 ,부정,O
13,자식들에게 회사를 물려줬는데 더욱더 번창하고 있다고 해서 너무 대견하고 기뻐.,긍정,0,[],0,[],0,0.500 ,부정,X
14,내가 질병에 걸리니까 동무들이 나한테 어떠냐고 물어봤어.,중립,0,[],0,[],0,0.500 ,부정,X
15,평소에 건강하다고 자부하고 살았는데 얼마 전에 손목이 아파서 병원 갔더니 염증이 있어서 물리치료를 받아야 한다네.,부정,1,['건강'],0,[],1,0.731 ,긍정,X
16,반에서 떠드는 몇 명 애들 때문에 다 같이 선생님한테 안 좋은 소리를 들었어.,부정,0,[],2,"['반', '안']",-2,0.119 ,부정,O
17,대학 졸업은 했는데 취업이 안돼서 걱정이야. 자꾸 툴툴대게 돼.,부정,0,[],2,"['안', '걱정']",-2,0.119 ,부정,O
18,애들이 다 취직하고 사회에서 어엿한 사회인으로 생활하는 것을 보면 집사람이 너무 고생한 거 같아 고마워.,긍정,1,['취직'],1,['고생'],0,0.500 ,부정,X
19,부적만 믿고 건강관리를 안 한 친구를 보면 참 한심하게 느껴져.,부정,1,['친구'],1,['안'],0,0.500 ,부정,O
20,나 요즘 너무 스트레스야!,부정,0,[],1,['스트레스'],-1,0.269 ,부정,O
21,있잖아. 얘기 좀 들어줘.,중립,0,[],0,[],0,0.500 ,부정,X
22,나 요즘 너무 혼란스러워,부정,0,[],1,['혼란'],-1,0.269 ,부정,O
23,왜 공부를 해야 하는지 모르겠어. 자꾸 공부를 하라고 해서 화가 나.,부정,0,[],2,"['왜', '화']",-2,0.119 ,부정,O
24,문소리만 나도 누가 오려나 기다리는 내가 참 슬프고 쓸쓸하네.,부정,0,[],1,['쓸쓸'],-1,0.269 ,부정,O
25,만약에 아내가 먼저 죽게 되면 나도 따라 죽어야겠어.,중립,0,[],0,[],0,0.500 ,부정,X
26,은퇴 후에 허무함이 커서 딸에게 말했는데 딸이 짜증을 냈어.,부정,0,[],1,['짜증'],-1,0.269 ,부정,O
27,내가 먹으려고 남긴 케이크를 누나가 다 먹을까 봐 걱정돼.,부정,0,[],1,['걱정'],-1,0.269 ,부정,O
28,코로나 때문에 직장에서 잘렸어.,부정,0,[],0,[],0,0.500 ,부정,O
29,날 따돌림 시켰던 친구들이 나에게 미안하다고 진심으로 사과했어.,부정,1,['친구'],2,"['따돌림', '미안']",-1,0.269 ,부정,O
30,건강에 고립감이 들어.,부정,1,['건강'],0,[],1,0.731 ,긍정,X
31,친구들에게는 자식이 선물해 줬다고 했지만 사실은 다 내가 구입한 거야.,중립,2,"['친구', '선물']",0,[],2,0.881 ,긍정,X
32,팀장님이 빨리 내라고 엄청 재촉했어. 짜증 나서 대충 작성해서 제출해버렸어.,부정,0,[],2,"['빨리', '짜증']",-2,0.119 ,부정,O
33,요즘은 학교에 가는 게 너무 무서워서 눈물이 나.,부정,0,[],1,['눈물'],-1,0.269 ,부정,O
34,친구가 수업 중에 핸드폰을 하다가 선생님께 혼났는데 친구가 갑자기 핸드폰을 바닥에 던져서 당황했어.,부정,2,"['친구', '친구']",2,"['갑자기', '당황']",0,0.500 ,부정,O
35,아들이 내 병간호를 하고 자면 코골이가 심해져서 다른 사람들에게 눈치가 보여.,부정,0,[],2,"['병간호', '눈치']",-2,0.119 ,부정,O
36,퇴근을 안 하는 주말에는 자기계발을 하고 싶었는데 자꾸 아무것도 안 하고 누워 있게 돼서 고민이야.,부정,0,[],4,"['안', '아무것', '안', '고민']",-4,0.018 ,부정,O
37,경제적으로 너무 힘들어. 아르바이트라도 구해야 할 텐데.,부정,0,[],0,[],0,0.500 ,부정,O
38,일정이 끝나고 집에 돌아가도 이제 아내가 집에 없어서 외로워.,부정,0,[],0,[],0,0.500 ,부정,O
39,드디어 오늘 광고주의 승낙이 떨어졌어. 그동안 얼마나 마음 졸였는지 몰라.,부정,2,"['드디어', '마음']",0,[],2,0.881 ,긍정,X
40,업무 스트레스로 화를 가끔 다스리기 어려워 고민이야.,부정,0,[],2,"['스트레스', '고민']",-2,0.119 ,부정,O
41,스물아홉 살이 되니까 점점 결혼을 해야 할 것 같다는 생각이 들어. ,중립,0,[],0,[],0,0.500 ,부정,X
42,늙으니 할 수 있는 일이 없어서 내 용돈벌이도 못하는 게 너무 속상해.,부정,0,[],0,[],0,0.500 ,부정,O
43,내가 낳아 키운 자식들도 나를 찾지 않아서 죽고 싶은 마음뿐이야.,부정,1,['마음'],0,[],1,0.731 ,긍정,X
44,나는 빵점이야. 정말 슬프다.,부정,0,[],0,[],0,0.500 ,부정,O
45,내 친구는 항상 자기 남자 친구한테 좋은 선물을 받는데 내 남자 친구는 취업 준비 중이야.,중립,4,"['친구', '친구', '선물', '친구']",0,[],4,0.982 ,긍정,X
46,직장에서 일하다 실수하는 바람에 상사한테 크게 혼났어. 난 왜 그런 일 하나 제대로 못 할까.,부정,0,[],5,"['실수', '왜', '그런', '제대로', '못']",-5,0.007 ,부정,O
47,노안이 와서 신문을 읽을 수가 없어.,부정,0,[],0,[],0,0.500 ,부정,O
48,따돌림을 당하는 친구를 도와주지 못해 부끄러워.,부정,1,['친구'],1,['따돌림'],0,0.500 ,부정,O
49,면접 합격 문자가 시스템 오류로 잘못 합격 문자가 온 거였어. 너무 당황스러워.,부정,2,"['합격', '합격']",2,"['잘못', '당황']",0,0.500 ,부정,O
50,친구가 이번에 부동산 투자가 잘돼서 크게 성공했어.,긍정,3,"['친구', '잘', '성공']",0,[],3,0.953 ,긍정,O
51,내 생일에 건강식품을 사주겠다던 딸이 사 오지 않아서 조금 실망했어.,부정,1,['생일'],1,['실망'],0,0.500 ,부정,O
52,집에만 있으면 뭘 해야 할까?,중립,0,[],0,[],0,0.500 ,부정,X
53,나는 남편이 술을 먹고 외박한다고 해도 별로 걱정이 되지 않아. 그만큼 남편을 믿기 때문이야.,긍정,0,[],2,"['별로', '걱정']",-2,0.119 ,부정,X
54,친한 친구에게 배신 당해서 너무 슬퍼.,부정,1,['친구'],1,['당하'],0,0.500 ,부정,O
55,아내가 교통사고를 당해 크게 다쳤다는 전화를 받았어. 걱정돼서 눈물이 나.,부정,0,[],3,"['당하', '걱정', '눈물']",-3,0.047 ,부정,O
56,건강 하나 만큼은 자신 있었는데 병에 걸렸어.,중립,2,"['건강', '자신']",1,['병'],1,0.731 ,긍정,X
57,나만 취업 못 했어. 주변에서 뭐 하고 지내는지 물어보면 어찌 대답해야 할지 막막하고 괴로워.,부정,0,[],1,['못'],-1,0.269 ,부정,O
58,오늘 연명치료 거부서에 사인하고 왔어.,중립,0,[],0,[],0,0.500 ,부정,X
59,폐암 항암치료가 이제 막바지야. 조금만 기다리면 완치가 될 거 같아서 기뻐.,긍정,1,['완치'],2,"['폐암', '항암']",-1,0.269 ,부정,X
60,연락이 없던 친구한테 간만에 연락이 왔는데 돈 문제 때문에 연락이 온 거였어.,중립,2,"['친구', '간만']",1,['문제'],1,0.731 ,긍정,X
61,내 결혼식에 정말 많은 사람들이 찾아와서 너무 기뻤어.,긍정,0,[],0,[],0,0.500 ,부정,X
62,줄곧 병원에 있다가 퇴원하고 처음 명절인데 며느리들이 아무도 오질 않았어.,중립,0,[],0,[],0,0.500 ,부정,X
63,자식들에게 폐 안 끼치려고 노후에 필요한 것들을 조심히 준비 중이야.,중립,0,[],1,['안'],-1,0.269 ,부정,X
64,남자 친구 때문에 속상해서 잔뜩 툴툴대고 왔어.,부정,1,['친구'],0,[],1,0.731 ,긍정,X
65,요즘 회사 출근하는 게 너무 괴로워.,부정,0,[],0,[],0,0.500 ,부정,O
66,그제 병원에 다녀왔는데 무릎이 매우 좋지 않다는 결과가 나왔어.,긍정,0,[],0,[],0,0.500 ,부정,X
67,이번에 아내가 나에게 용돈을 줬어.,중립,0,[],0,[],0,0.500 ,부정,X
68,어떻게 그럴 수가 있지? 친구가 그 직장 동료 편을 들다니 너무 어이가 없어.,부정,2,"['친구', '동료']",1,['어이'],1,0.731 ,긍정,X
69,자식들과 크게 다투고 큰 상처를 받았어.,부정,0,[],1,['상처'],-1,0.269 ,부정,O
70,노후 때문에 부동산 투기하던 친구가 이번에 세금을 많이 물게 됐다고 나한테 말했는데 한심해.,부정,1,['친구'],0,[],1,0.731 ,긍정,X
71,부모에게 받은 재산으로 재산세 얘기하는데 나는 아무것도 없어서 기분이 안 좋아.,부정,1,['기분'],2,"['아무것', '안']",-1,0.269 ,부정,O
72,혼자 시골살이 중인데 폭우가 와서 전기가 끊기는 바람에 한 달째 집에 갇혀 있어.,부정,0,[],1,['혼자'],-1,0.269 ,부정,O
73,내가 성격이 너무 급하다 보니까 때로는 상대방을 당황하게 할 때가 있나 봐.,중립,0,[],1,['당황'],-1,0.269 ,부정,X
74,요즘 내가 늘 느끼는 것이지만 무인도에 혼자서 살고 싶다는 생각이 간절해.,중립,0,[],1,['혼자'],-1,0.269 ,부정,X
75,예전에 파고다 공원 지나면서 왜 노인들이 이렇게 모여 있나 생각을 했는데 이젠 이해가 좀 되는구먼.,중립,0,[],1,['왜'],-1,0.269 ,부정,X
76,우리 형은 배신자야 너무해.,부정,0,[],0,[],0,0.500 ,부정,O
77,요즘 친구와 내기를 했어. 다이어트를 동시에 해서 먼저 십 킬로 빼는 사람이 이기는 거로.,중립,1,['친구'],0,[],1,0.731 ,긍정,X
78,남자친구가 자꾸 손가락 사이즈를 물어보는데 솔직히 대답해 주기 싫어.,부정,1,['친구'],0,[],1,0.731 ,긍정,X
79,마을회관 할머니들이 은근히 나를 미워하는 거 같아 화가 치밀어.,부정,0,[],1,['화'],-1,0.269 ,부정,O
80,내 친구가 다른 친구와 친해져서 질투나.,부정,2,"['친구', '친구']",1,['질투'],1,0.731 ,긍정,X
81,내일이 시험인데 오늘 공부를 하나도 안 해버렸어. 걱정돼.,부정,0,[],2,"['안', '걱정']",-2,0.119 ,부정,O
82,요새 오십이 되면서 기억력이 많이 떨어진 것 같아. 회사에서 일을 잘 할 수 있을지 걱정이야.,부정,1,['잘'],1,['걱정'],0,0.500 ,부정,O
83,심부전증으로 쓰러진 후 이제 나이가 먹은 것을 느끼고 자신감도 떨어지니 눈물이 나려 해.,부정,0,[],2,"['나이', '눈물']",-2,0.119 ,부정,O
84,나는 그냥 장난으로 친구를 때렸는데 친구가 나를 신고했어 처벌받을까 두려워.,부정,2,"['친구', '친구']",0,[],2,0.881 ,긍정,X
85,오늘 또 상사에게 구박당했어.,부정,0,[],1,['당하'],-1,0.269 ,부정,O
86,아픈 데도 없는데 나이가 많다는 이유로 돈이 계속 들어가.,부정,0,[],1,['나이'],-1,0.269 ,부정,O
87,엄마가 공부 못한다고 화냈어.,부정,0,[],0,[],0,0.500 ,부정,O
88,내가 화장실에 있는데 갑자기 나에게 더러운 물을 쏟았어. 너무 화가 나.,부정,0,[],2,"['갑자기', '화']",-2,0.119 ,부정,O
89,나는 이제 곧 죽을 텐데 친구를 만들 필요도 없을 것 같아서 허무해.,부정,1,['친구'],0,[],1,0.731 ,긍정,X
90,큰아들이 오늘 퇴원했어.,긍정,0,[],0,[],0,0.500 ,부정,X
91,아내에게 노인 일자리를 찾아서 함께 돈을 벌자고 제안했는데 아내는 별로 하고 싶지 않는 눈치여서 속상하네.,부정,0,[],2,"['별로', '눈치']",-2,0.119 ,부정,O
92,친구 가게를 도와주다가 실수를 해서 손님 한 명에게 돈을 받지 못해서 미안하네.,부정,1,['친구'],1,['미안'],0,0.500 ,부정,O
93,병원에 입원해 있으니 몸도 마음도 차갑게 변한 것 같아.,부정,1,['마음'],0,[],1,0.731 ,긍정,X
94,오십살 인데 은퇴할 생각하니까 너무 억울해.,부정,0,[],1,['억울'],-1,0.269 ,부정,O
95,팀 동료 일하는 게 한심해서 아주 스트레스받고 있어.,부정,1,['동료'],1,['스트레스'],0,0.500 ,부정,O
96,나이가 들며 건강을 챙겨야 하는데 너무 무관심했어.,중립,1,['건강'],1,['나이'],0,0.500 ,부정,X
97,너무 욕심을 부렸나 봐.,부정,0,[],0,[],0,0.500 ,부정,O
98,가끔 억울한 일이 생기는 것 같아.,부정,0,[],1,['억울'],-1,0.269 ,부정,O
99,작년부터 뇌수막염 후유증으로 감각이 둔해져 자전거를 타지 못하게 되었어.,부정,0,[],0,[],0,0.500 ,부정,O
100,나 공부 못한다고 아빠가 밖에 나가서 돈이라도 벌어 오라고 내쫒았어.,중립,0,[],0,[],0,0.500 ,부정,X
101,이제 어느 정도 직장에서 자리를 잡고 나니 방어적으로 업무를 하는 것 같아.,부정,0,[],0,[],0,0.500 ,부정,O
102,완전 어이가 없다. 매일 같이 놀아 놓고 뒤에선 다른 사람들한테 내 흉을 보고 다니는 거 있지?,부정,0,[],1,['어이'],-1,0.269 ,부정,O
103,남들 앞에서 약한 모습을 보이기가 싫어서 억지로 괜찮은 척 웃는 내 자신이 미워.,부정,1,['자신'],0,[],1,0.731 ,긍정,X
104,내가 평소에 말이 좀 험한데 무서운 팀장님 앞에서 말실수할까 봐 걱정이야.,부정,0,[],2,"['말실수', '걱정']",-2,0.119 ,부정,O
105,졸업하고 취직을 못하고 있는 나를 무시하는 친구들이 너무 미워.,부정,2,"['취직', '친구']",1,['무시'],1,0.731 ,긍정,X
106,은퇴 준비나 노후준비를 하면서 후회스러웠던 부분은 왜 진작 준비하지 못했을까 하는 거야.,부정,0,[],2,"['후회', '왜']",-2,0.119 ,부정,O
107,당연히 날 위로해 줄 거라고 믿었던 친구가 다른 애들과 함께 나를 손가락질 하고 있었어.,부정,1,['친구'],0,[],1,0.731 ,긍정,X
108,노인정에서 이제 내가 제일 머리숱이 없다니 화가 나.,부정,1,['제일'],1,['화'],0,0.500 ,부정,O
109,언니가 자기 돈으로는 안사고 자꾸 내 인슐린 주사기를 가져가.,부정,0,[],0,[],0,0.500 ,부정,O
110,남자친구 몰래 클럽에 간 적 있는데 남자친구한테는 간적 없다고 거짓말했어.,중립,2,"['친구', '친구']",0,[],2,0.881 ,긍정,X
111,김 사장은 나의 실수를 빌미 삼아 거액의 돈을 요구했어.,부정,0,[],2,"['실수', '요구']",-2,0.119 ,부정,O
112,지인에게 돈을 사기당해서 정말 배신감이 커.,부정,0,[],1,['당하'],-1,0.269 ,부정,O
113,내가 아파서 아들이 모은 돈과 퇴직금까지 써버린 것이 평생의 한이야.,부정,0,[],0,[],0,0.500 ,부정,O
114,친하다고 믿었던 친구에게 배신당했어.,부정,1,['친구'],1,['당하'],0,0.500 ,부정,O
115,요즘 엄마가 아프셔서 너무 걱정이야.,부정,0,[],1,['걱정'],-1,0.269 ,부정,O
116,아빠는 왜 내가 뭘 하고 싶은지 관심조차 없는 건지 화가 나.,부정,1,['관심'],2,"['왜', '화']",-1,0.269 ,부정,O
117,딸이 대학이 우선이라는 내 말을 들으려고도 안 해서 화가 나.,부정,0,[],2,"['안', '화']",-2,0.119 ,부정,O
118,노후 준비를 위해 개인연금에 가입하려고 하는데 돈이 여유롭지 않아서 망설여져.,중립,1,['여유'],0,[],1,0.731 ,긍정,X
119,요즘 세상에는 참 끔찍한 일들이 많이 일어나.,부정,0,[],0,[],0,0.500 ,부정,O
120,이번에 우리 과 친구가 교통사고로 죽었어.,부정,1,['친구'],0,[],1,0.731 ,긍정,X
121,아내가 나와 싸우고 집을 나갔어. 너무 걱정된다.,부정,0,[],1,['걱정'],-1,0.269 ,부정,O
122,오늘 너무 기쁜 소식을 들었어!,긍정,0,[],0,[],0,0.500 ,부정,X
123,나를 괴롭힌 친구들이 갑자기 웃으면서 말을 거는 데 불안했어.,부정,1,['친구'],1,['갑자기'],0,0.500 ,부정,O
124,몇 달 전에 드디어 기다리던 임신을 하게 되었어.,긍정,1,['드디어'],0,[],1,0.731 ,긍정,O
125,친구가 다이어트를 시작한다는 이야기를 들었더니 너무 화가 나.,부정,1,['친구'],1,['화'],0,0.500 ,부정,O
126,내 연애를 시기하는 악의적인 세력이 있어.,부정,1,['연애'],0,[],1,0.731 ,긍정,X
127,남편이 얼마 전에 받은 퇴직금을 주식에 투자해 버렸대. 어이가 없다.,부정,0,[],1,['어이'],-1,0.269 ,부정,O
128,친구한테 왜 화를 냈을까? 정말 후회된다.,부정,1,['친구'],2,"['왜', '후회']",-1,0.269 ,부정,O
129,나는 휠체어를 타는데 가족보다 간병인을 원해. 그런데 항상 돈 때문에 내 마음이 불편해.,부정,2,"['가족', '마음']",1,['불편'],1,0.731 ,긍정,X
130,내가 따돌림을 당하고 있는데 아무도 관심이 없는 것 같아. 슬프고 외로워.,부정,1,['관심'],1,['따돌림'],0,0.500 ,부정,O
131,나이가 드니까 친구가 무슨 소용인가 싶어. 가족도 몸뚱이 밖에 없는 나를 버리는 상황에. 사람들이 너무 싫다.,부정,1,['친구'],1,['나이'],0,0.500 ,부정,O
132,고혈압으로 고생하고 있어.,부정,0,[],2,"['고혈압', '고생']",-2,0.119 ,부정,O
133,결혼 문턱에서 미끄러질 것 같아. 여자친구 가족의 반대가 심해서 좌절되네.,부정,2,"['친구', '가족']",0,[],2,0.881 ,긍정,X
134,상사의 비위를 맞추는 것도 질렸어.,부정,0,[],1,['비위'],-1,0.269 ,부정,O
135,같은 주제로 온라인에 글 올렸는데 내 글보다 친구 글에 더 좋아요가 많네.,중립,1,['친구'],0,[],1,0.731 ,긍정,X
136,곧 서른을 앞두고 대인관계를 돌아보게 되는 순간이 많아졌어.,중립,0,[],0,[],0,0.500 ,부정,X
137,경비원으로 일하는 나를 한 학생이 욕하면서 때렸지만 힘이 없어서 저항할 수 없었어.,부정,0,[],0,[],0,0.500 ,부정,O
138,모의고사 성적이 나왔는데 공부 미리 안 해놓은 걸 후회 중이야.,부정,0,[],2,"['안', '후회']",-2,0.119 ,부정,O
139,선생님은 내가 용기를 내서 얘기를 해도 무시를 하셔. 너무 화가 나.,부정,0,[],2,"['무시', '화']",-2,0.119 ,부정,O
140,결혼생활이 너무 힘들고 배신당한 기분이 들어. 남편이 바람피우는 걸 목격했거든.,부정,1,['기분'],1,['당하'],0,0.500 ,부정,O
141,연애하고 더 혼란스러워.,부정,1,['연애'],1,['혼란'],0,0.500 ,부정,O
142,갑자기 부모님이 이혼하신다고 해서 당혹스러워.,부정,0,[],2,"['갑자기', '당혹']",-2,0.119 ,부정,O
143,건강이 걱정돼 건강검진을 받아봐야겠어.,부정,1,['건강'],1,['걱정'],0,0.500 ,부정,O
144,어제 오랫동안 연락이 없던 친구에게 연락이 왔어. 돈 빌려달라고 하더라 허무하네.,부정,1,['친구'],0,[],1,0.731 ,긍정,X
145,아들이 학교에서 전교 일등을 했다며 성적표를 보여줬어!,긍정,0,[],0,[],0,0.500 ,부정,X
146,올해 취업이 너무 어려운 시기였는데 다행히 중간 합격했다는 연락을 받았어.,긍정,2,"['다행히', '합격']",0,[],2,0.881 ,긍정,O
147,입사하고 싶은 기업이 있는데 탈락될까봐 두려워.,부정,0,[],0,[],0,0.500 ,부정,O
148,친했던 친구들이 전부 나를 피하고 있어 슬퍼.,부정,1,['친구'],0,[],1,0.731 ,긍정,X
149,집에 갈 때 괴롭힘당하지 않도록 같이 가주겠다는 친구가 생겨 너무 기뻐.,긍정,1,['친구'],0,[],1,0.731 ,긍정,O
150,아이가 갑자기 학교를 자퇴하겠대.,부정,0,[],1,['갑자기'],-1,0.269 ,부정,O
151,회사들은 면접에서 떨어진 이유를 알려주지 않았어.,부정,0,[],0,[],0,0.500 ,부정,O
152,조금 눈높이를 낮춰서 입사 지원을 할까 해. 더는 상처받기 싫어.,부정,0,[],1,['상처'],-1,0.269 ,부정,O
153,은퇴하고 집에만 있으니 너무 심심해.,중립,0,[],0,[],0,0.500 ,부정,X
154,내가 다리 수술을 했어.,부정,0,[],0,[],0,0.500 ,부정,O
155,사위가 아들 못지않게 나를 챙겨주고 존중해줘서 너무 고마워.,긍정,0,[],0,[],0,0.500 ,부정,X
156,녹내장 앓고 나서 시력이 나빠지니까 사람을 만나는 게 두렵네.,부정,0,[],0,[],0,0.500 ,부정,O
157,우리 학교 수학 경시대회에서 일등을 해서 전교생 앞에서 상을 받았어.,긍정,0,[],0,[],0,0.500 ,부정,X
158,집안에 유전병이 있는데 형님이 그 병 때문에 위독하다고 해서 당혹스러워,부정,0,[],2,"['병', '당혹']",-2,0.119 ,부정,O
159,점점 기력도 떨어지고 친구 부고 소식을 들으면 삶이 허망해. ,부정,1,['친구'],0,[],1,0.731 ,긍정,X
160,하마터면 시험을 못 볼 뻔 했어. 동기 덕에 겨우 시험을 봤지.,중립,0,[],1,['못'],-1,0.269 ,부정,X
161,건강이 조금씩 나빠지는 거 같아서 많이 초조해져.,부정,1,['건강'],0,[],1,0.731 ,긍정,X
162,오빠가 나한테 자꾸 무슨 일을 시켜서 나는 오빠한테 자주 툴툴대는 편이야.,중립,0,[],0,[],0,0.500 ,부정,X
163,백수로 지낸 지도 벌써 일 년이 넘었어. 부모님 얼굴 보기가 미안해.,부정,0,[],1,['미안'],-1,0.269 ,부정,O
164,취업만 보고 살아왔더니 주위에 친구도 애인도 없어.,중립,1,['친구'],0,[],1,0.731 ,긍정,X
165,날 따돌리는 애들 때문에 정말 화가 나.,부정,0,[],1,['화'],-1,0.269 ,부정,O
166,남편이 은퇴한 후에 동아리 모임을 자주 나가는데 질투나.,부정,0,[],1,['질투'],-1,0.269 ,부정,O
167,회사 감사에서 부서 지적 사항이 나왔는데 얼마 전 퇴사한 사람의 업무를 내가 징계 받으라 해서 억울해.,부정,1,['감사'],2,"['퇴사', '억울']",-1,0.269 ,부정,O
168,친구들이 물어보는 거에 다 대답해줬더니 그 뒤로는 나를 안 찾아서 외로워.,부정,1,['친구'],1,['안'],0,0.500 ,부정,O
169,엄마가 영어 점수가 칠십 점 이하라고 피자를 안시켜주신대.,중립,0,[],0,[],0,0.500 ,부정,X
170,정말 마음이 힘들다. 어제 친구랑 싸웠는데 계속 생각이 나네.,부정,2,"['마음', '친구']",0,[],2,0.881 ,긍정,X
171,부모님이 학교에 오신대.,중립,0,[],0,[],0,0.500 ,부정,X
172,시간이 정말 얼마 남지 않았는데 업무들은 산더미처럼 쌓여있어.,부정,0,[],0,[],0,0.500 ,부정,O
173,팔에 부상을 입었는데도 내가 집안일을 다 해야 되는 게 버려진 기분이 들어.,부정,1,['기분'],0,[],1,0.731 ,긍정,X
174,정년퇴직은 다가오고 걱정이네.,부정,0,[],1,['걱정'],-1,0.269 ,부정,O
175,가난하니까 친구들 만나기도 참 부담스럽네.,부정,1,['친구'],1,['부담'],0,0.500 ,부정,O
176,경제 상황이 아주 나빠서 어떤 일이 일어날지 모르니까 이제부터 씀씀이를 줄여야겠어.,중립,0,[],0,[],0,0.500 ,부정,X
177,고혈압약을 몇 년째 먹고 있는데 이렇게 약에 의존해서 사는 게 정말 지긋지긋해.,부정,0,[],1,['고혈압'],-1,0.269 ,부정,O
178,공무원이 과연 내 길인가 싶어. 여러 번 떨어지고 나니 너무 우울하고 포기하고 싶은 마음도 생겼어.,부정,1,['마음'],2,"['우울', '포기']",-1,0.269 ,부정,O
179,지금까지 열심히 다녔던 회사를 은퇴했어. 괜히 슬퍼지네.,부정,1,['열심히'],1,['괜히'],0,0.500 ,부정,O
180,상대가 누구냐에 따라서 배려를 할지 말지 결정해야 하나 봐.,중립,0,[],0,[],0,0.500 ,부정,X
181,남자친구가 내 친구랑 바람이 났어.,부정,2,"['친구', '친구']",1,['바람'],1,0.731 ,긍정,X
182,이번에 찍은 위내시경 사진인데 너무 징그러워.,중립,0,[],0,[],0,0.500 ,부정,X
183,건강하다고 자신했는데 아니었나 봐.,중립,2,"['건강', '자신']",0,[],2,0.881 ,긍정,X
184,뉴스에서 아파트 분양 이야기가 많이 나오네!,중립,0,[],0,[],0,0.500 ,부정,X
185,부도 위기에 처해 있는데 자금을 구할 방법이 더 이상 없는 것 같아. 큰일 났네 이거.,부정,0,[],1,['큰일'],-1,0.269 ,부정,O
186,아파서 입원한 지 한 달인데 이제 돈이 없어 퇴원해야 해.,긍정,0,[],0,[],0,0.500 ,부정,X
187,모아둔 돈이 넉넉해서 여행을 자주 가. 그래서 요즘 너무 행복해.,긍정,1,['여행'],0,[],1,0.731 ,긍정,O
188,오늘 면접을 봤는데 잘 안 된 거 같아. 친구들과 비교했을 때 내가 멈춰있는 거 같아.,부정,2,"['잘', '친구']",1,['안'],1,0.731 ,긍정,X
189,나는 너무 화가 나고 속상해. 나의 아내가 다른 남자를 몰래 만나고 있는 것 같아.,부정,0,[],1,['화'],-1,0.269 ,부정,O
190,난 일도 열심히 하는데 번번이 승진에서 밀려. 난 왜 이런 건지 모르겠고 포기하고 싶어.,부정,2,"['열심히', '승진']",2,"['왜', '포기']",0,0.500 ,부정,O
191,내가 낸 아이디어가 직장 내 우수 아이디어 공모전에서 일 등을 해서 휴가를 일주일이나 받았어!,긍정,1,['휴가'],0,[],1,0.731 ,긍정,O
192,이래 가지고 내 집을 살 수나 있을지 모르겠어. 불안해.,부정,0,[],0,[],0,0.500 ,부정,O
193,연애를 하면서 오늘이 제일 화가 났어.,중립,2,"['연애', '제일']",1,['화'],1,0.731 ,긍정,X
194,나의 절친한 친구가 축의금을 엄청 많이 내주어서 기뻐.,긍정,1,['친구'],0,[],1,0.731 ,긍정,O
195,딸과 얘기하는 것이 점점 가능한가 싶어. 안 통하는 데다가 자꾸 감정싸움만 하게 돼.,부정,0,[],0,[],0,0.500 ,부정,O
196,다리가 아프게 절뚝거리니 다른 사람 시선이 신경 쓰여.,부정,0,[],1,['신경'],-1,0.269 ,부정,O
197,친구라고 생각했는데 뒤에서는 남들한테 내 욕을 하고 다녔대. 너무 화나서 참을 수가 없어!,부정,1,['친구'],1,['욕'],0,0.500 ,부정,O
198,학교 가기가 무서워. 어쩌면 좋지?,중립,0,[],0,[],0,0.500 ,부정,X
199,학교에서 나를 괴롭히던 친구가 오늘은 갑자기 사과하더라고.,긍정,1,['친구'],1,['갑자기'],0,0.500 ,부정,X
200,아내에게 술을 먹고 싶다고 했더니 무알콜 맥주를 사다 주었어.,긍정,0,[],0,[],0,0.500 ,부정,X
201,나 구청 배 수영대회에서 메달 땄어!,긍정,0,[],0,[],0,0.500 ,부정,X
202,아들이 시험 성적이 크게 떨어졌다고 방에서 울고 있어. 나도 그걸 보니까 슬퍼지네.,부정,0,[],0,[],0,0.500 ,부정,O
203,결핵으로 입원한 친구의 병문안을 가야 할지 고민 중이야.,부정,1,['친구'],1,['고민'],0,0.500 ,부정,O
204,내 동생만 귀염받아서 질투가 나.,중립,0,[],1,['질투'],-1,0.269 ,부정,X
205,며칠 전부터 누나가 집에 안 들어오고 우리 집에는 경찰이 왔다 갔다 하고 있어.,부정,0,[],0,[],0,0.500 ,부정,O
206,수업 듣는데 내가 마시던 음료수를 친구가 입대고 마셔서 당황했어.,중립,1,['친구'],1,['당황'],0,0.500 ,부정,X
207,요즘 코로나 때문에 다들 걱정하고 있지만 난 걱정이 안 되네.,부정,0,[],3,"['걱정', '걱정', '안']",-3,0.047 ,부정,O
208,요즘 남편의 건강 때문에 고민이 많아.,부정,1,['건강'],1,['고민'],0,0.500 ,부정,O
209,전에부터 다니던 병원의 담당의사가 갈 때마다 잔소리를 너무 해서 병원을 옮겼어.,부정,0,[],1,['잔소리'],-1,0.269 ,부정,O
210,드디어 친구와 화해했어!,긍정,2,"['드디어', '친구']",0,[],2,0.881 ,긍정,O
211,친구들이 날 따돌리기 시작했어. 너무 화가 나!,부정,1,['친구'],1,['화'],0,0.500 ,부정,O
212,폐결핵 진단을 받았는데 병원비가 많이 나와서 너무 힘들어.,부정,0,[],0,[],0,0.500 ,부정,O
213,내가 용돈 벌이를 못 해서 자식들이 나를 원망할까 봐 걱정된다.,부정,0,[],2,"['못', '걱정']",-2,0.119 ,부정,O
214,결혼하고 출산까지 하면서 친구들이랑 멀어져서 슬퍼.,중립,1,['친구'],0,[],1,0.731 ,긍정,X
215,출산 후 남편이 수고했다며 병실에서 이벤트를 열어주어서 너무 기뻐.,긍정,0,[],0,[],0,0.500 ,부정,X
216,임신에 대해 부담이 강했었는데 계획을 차차 세우기로 해서 너무 기뻐.,긍정,0,[],1,['부담'],-1,0.269 ,부정,X
217,아빠가 나를 부르더니 아무런 말씀도 없이 회초리를 꺼내셔서 불안했어.,부정,0,[],1,['없이'],-1,0.269 ,부정,O
218,동무랑 오래 걷기 승부를 했어.,중립,0,[],0,[],0,0.500 ,부정,X
219,친구 때문에 너무 당황스러워서 어떻게 해야 할지 모르겠어.,중립,1,['친구'],1,['당황'],0,0.500 ,부정,X
220,딸에게 남들 다 신는 브랜드 신발 하나도 못 사주는 가난한 아빠라는 소리를 들었어.,부정,0,[],1,['못'],-1,0.269 ,부정,O
221,"정년퇴직하고 만성질환은 없지만, 노후를 걱정하고 있어.",부정,0,[],2,"['만성질환', '걱정']",-2,0.119 ,부정,O
222,요즘 모아 놓은 돈이 없는 딸을 보니 배신감이 드는 것 같아.,부정,0,[],0,[],0,0.500 ,부정,O
223,친구가 나한테 성적이 낮다고 말해서 자존심이 상하고 기분이 좋지 않아.,부정,2,"['친구', '기분']",0,[],2,0.881 ,긍정,X
224,중학교 이 학년 때 같은 반 친구에게 메시지를 보내도 답장이 안 와서 슬퍼.,부정,1,['친구'],2,"['반', '안']",-1,0.269 ,부정,O
225,친구랑 만나는게 요새 너무 힘들어.,긍정,1,['친구'],0,[],1,0.731 ,긍정,O
226,성적표를 받고서 집에 온 날에는 밥을 먹기가 꺼려져.,중립,0,[],0,[],0,0.500 ,부정,X
227,주변 친구들이 남자친구한테 받은 선물들을 자랑할 때면 나도 그러고 싶지 않지만 괜히 질투가 나.,중립,3,"['친구', '친구', '선물']",2,"['괜히', '질투']",1,0.731 ,긍정,X
228,항상 아픈 날 돌봐준 남편이 병에 걸렸는데 돈이 없어서 치료를 못했어.,부정,0,[],1,['병'],-1,0.269 ,부정,O
229,아들이 성격이 너무 내성적이어서 사회에 잘 적응할지 걱정스러워. 여러 사람이랑 어울리기보단 혼자 있는걸 더 선호해서 걱정이야.,부정,0,[],3,"['걱정', '혼자', '걱정']",-3,0.047 ,부정,O
230,나 혼자 가족이라는 무리에서 고립된 느낌이야.,부정,1,['가족'],1,['혼자'],0,0.500 ,부정,O
231,아버지가 할머니는 이제 집에 안 오신다고 했어.,부정,0,[],1,['안'],-1,0.269 ,부정,O
232,가끔씩 남자 친구가 공공장소에서 애정 표현을 하는데 그럴 때마다 조금 난처해.,중립,1,['친구'],0,[],1,0.731 ,긍정,X
233,친구가 많이 아프다고 해서 학원을 안 가고 친구 병문안을 갔는데 엄마가 화를 냈어.,중립,2,"['친구', '친구']",1,['안'],1,0.731 ,긍정,X
234,출산일이 다가오니 몸이 너무 무겁고 힘들어. 근데 남편이 집안일을 도와주지도 않아.,중립,0,[],0,[],0,0.500 ,부정,X
235,좋아하는 선배에게 고백했는데 차여서 펑펑 울었어.,부정,1,['고백'],0,[],1,0.731 ,긍정,X
236,이번엔 직장에서 인정받기 위해서 준비도 잘하고 결과도 좋았는데 회사는 인정을 안 해주네.,부정,0,[],1,['안'],-1,0.269 ,부정,O
237,나 어제 집에만 있었는데 여자친구가 오해해서 너무 억울해.,부정,1,['친구'],2,"['오해', '억울']",-1,0.269 ,부정,O
238,오늘따라 더 쓸쓸하구먼. 손자 녀석 얼굴도 내 마음대로 볼 수 없으니.,긍정,0,[],1,['쓸쓸'],-1,0.269 ,부정,X
239,옆집 김 씨가 내가 입원했다 돌아오니 갑자기 잘해줘.,긍정,1,['잘'],1,['갑자기'],0,0.500 ,부정,X
240,당뇨병 때문에 여행이 제한되는 나와 다르게 마누라는 잘도 놀러 다니네. 질투 나게.,부정,2,"['여행', '잘']",2,"['당뇨병', '질투']",0,0.500 ,부정,O
241,동맥경화로 입원까지 했는데 이곳까지 찾아오는 사람이 없구나.,부정,0,[],0,[],0,0.500 ,부정,O
242,이렇게 섭섭할 수가 있을까? 독립해서 나간 아들이 전화를 안 해.,부정,0,[],1,['안'],-1,0.269 ,부정,O
243,어제 친구가 갑자기 사망했어.,부정,1,['친구'],2,"['갑자기', '사망']",-1,0.269 ,부정,O
244,이번에 새로 이직한 회사는 텃세가 심하지 않아서 좋아.,부정,0,[],0,[],0,0.500 ,부정,O
245,요즘 청년 실업률이 너무 심각한 거 같아. 취업해야 하는데 기업들이 채용을 많이 하지를 않아.,긍정,0,[],0,[],0,0.500 ,부정,X
246,어떤 애가 나랑 친하지도 않으면서 시험 기간에만 나한테 책이랑 노트 보여달라고 해. 진짜 짜증나.,중립,0,[],0,[],0,0.500 ,부정,X
247,옆집 김 씨가 어제 술 때문에 죽었어.,부정,0,[],0,[],0,0.500 ,부정,O
248,내가 따돌림 당하는 사실이 전교로 알려 질까 봐 불안해.,부정,0,[],1,['따돌림'],-1,0.269 ,부정,O
249,재테크 상담직원에게 기분 좋은 소리를 들어서 기뻐.,중립,1,['기분'],0,[],1,0.731 ,긍정,X
250,엄마와 대화 중에 엄마는 유산을 한 번 하셨대.,부정,0,[],0,[],0,0.500 ,부정,O
251,딸이 해외로 여행 갔다가 아무 일 없이 무사히 돌아와서 안도했어.,중립,1,['여행'],1,['없이'],0,0.500 ,부정,X
252,빨리 결혼식을 하고 싶어.,중립,0,[],1,['빨리'],-1,0.269 ,부정,X
253,난 옆집 할머니를 보기만 해도 구역질이나.,부정,0,[],1,['구역질'],-1,0.269 ,부정,O
254,우리 딸은 곧 졸업인데 취직할 생각이 전혀 없는 것 같아.,중립,1,['취직'],0,[],1,0.731 ,긍정,X
255,나 진로 수업 때 선생님이 시간이 없다면서 도로 내보냈어. 좀 상처야.,중립,0,[],1,['상처'],-1,0.269 ,부정,X
256,그렇게 건강하던 사람이 어떻게 그렇게 허망하게 갈 수 있는지 비통하고 원통해.,부정,1,['건강'],0,[],1,0.731 ,긍정,X
257,우리 아들이 이번에 사업을 준비해.,중립,0,[],0,[],0,0.500 ,부정,X
258,자식들이 내 건강을 잘 챙겨줘서 이렇게 건강하게 살고 있어. 너무 행복해.,긍정,3,"['건강', '잘', '건강']",0,[],3,0.953 ,긍정,O
259,내 나이에 마케팅 직무를 감당하기는 쉽지 않을 거 같다는 열등감이 들어.,부정,0,[],1,['나이'],-1,0.269 ,부정,O
260,정년퇴직하고 나서 일자리를 알아봤는데 마땅한 게 없어 걱정이라네.,부정,0,[],1,['걱정'],-1,0.269 ,부정,O
261,매일 학교 수업 듣기가 너무 성가셔. 어차피 학원에서 다 배우는데 말이야.,중립,0,[],0,[],0,0.500 ,부정,X
262,친한 사이에 모바일 청첩장만 보내는 건 아니지 않아? 정말 정이 뚝 떨어지더라.,부정,0,[],0,[],0,0.500 ,부정,O
263,어제는 일하다가 몹시 힘들었는데 나도 모르게 소리를 질렀다니까.,부정,0,[],0,[],0,0.500 ,부정,O
264,연금은 칠십 세부터 받는데 정년퇴직은 육십이 세라 그사이에 수입이 없어서 걱정이야.,부정,0,[],1,['걱정'],-1,0.269 ,부정,O
265,지난번 횡단보도를 급하게 뛰어가다가 넘어졌는데 병원에 갔더니 실금이 갔다네.,부정,0,[],0,[],0,0.500 ,부정,O
266,아내가 사고 싶어 하던 그릇이 있었는데 내가 안 된다고 했어. 아내가 속상했을까 봐 마음이 찜찜해.,중립,1,['마음'],1,['안'],0,0.500 ,부정,X
267,면접 봤던 회사에서 합격 전화가 왔어.,긍정,1,['합격'],0,[],1,0.731 ,긍정,O
268,다리가 아프고 피곤한데 아내가 등산을 가자고 해서 짜증이 나.,부정,0,[],1,['짜증'],-1,0.269 ,부정,O
269,지도교수님이 추천서를 써주기로 했는데 아직 연락이 없어서 조급해. 나는 급한데 언제 해주신다고 확답이 없으니 답답해.,부정,0,[],0,[],0,0.500 ,부정,O
270,옆 자리 동료가 안 받는 회사 전화를 자꾸 내가 받게 되어 귀찮아.,부정,1,['동료'],1,['안'],0,0.500 ,부정,O
271,남자친구가 바람을 피워서 헤어졌어. 밥도 먹기 싫고 아무것도 하기 싫다.,부정,1,['친구'],2,"['바람', '아무것']",-1,0.269 ,부정,O
272,도대체 사람들이 왜 그러는지 당황스러워.,부정,0,[],2,"['왜', '당황']",-2,0.119 ,부정,O
273,좀 더 오래 건강하게 잘 살아야 할텐데 요즘 부쩍 안달이 나네.,긍정,2,"['건강', '잘']",0,[],2,0.881 ,긍정,O
274,중간 정산한 퇴직금으로 주식투자를 했는데 큰돈을 벌어서 정말 너무너무 흥분돼.,긍정,1,['큰돈'],0,[],1,0.731 ,긍정,O
275,난 미술이나 음악 같은 예체능 과목은 잘하는데 국영수는 잘 못 해서 속상해.,중립,1,['잘'],1,['못'],0,0.500 ,부정,X
276,나이가 드니까 사람을 만날 때 조심하게 돼.,중립,0,[],1,['나이'],-1,0.269 ,부정,X
277,오늘 희망퇴직을 신청했어. 아내가 낙담할 거 같은데 앞으로가 걱정이네.,부정,0,[],2,"['퇴직', '걱정']",-2,0.119 ,부정,O
278,친구가 명품 가방 다들 하나씩 있다 고해서 이번에 무리하게 사고 말았어.,중립,1,['친구'],0,[],1,0.731 ,긍정,X
279,항암치료가 생각보다 너무 아파서 걱정이야.,부정,0,[],2,"['항암', '걱정']",-2,0.119 ,부정,O
280,은근히 질투가 나네.,부정,0,[],1,['질투'],-1,0.269 ,부정,O
281,나랑 가장 친하다고 생각했던 친구가 알고 보니 뒤에서 내 욕을 하고 다녔다는 걸 알았어.,부정,1,['친구'],1,['욕'],0,0.500 ,부정,O
282,은퇴해서 집에 있기가 바늘방석이야. 가족들 눈치에 기분이 좋지 않아.,부정,2,"['가족', '기분']",1,['눈치'],1,0.731 ,긍정,X
283,신경 쓰이는 사람이 생겨서 요즘 꾸미고 출근하기 시작했어.,긍정,0,[],1,['신경'],-1,0.269 ,부정,X
284,공장에 취업했는데 젊은 사람이 나밖에 없어서 다들 세대 차이가 느껴지니 거리감이 느껴져.,부정,0,[],0,[],0,0.500 ,부정,O
285,가져갈 게 없어서 아빠 돌아가실 때 남긴 작은 집까지 뺏어 가려 했어. 남은 엄마 어떻게 살라고.,부정,0,[],0,[],0,0.500 ,부정,O
286,요즘 재택근무를 하고 있는데 나는 화상회의 같은 시스템 사용법이 서툴러서 너무 창피해.,부정,0,[],0,[],0,0.500 ,부정,O
287,한때는 나도 잘나가던 대기업 사원이었어. 비록 지금은 그저 그런 배 나온 아저씨지만 말이야.,부정,0,[],1,['그런'],-1,0.269 ,부정,O
288,병원에서 의사가 매번 술과 담배를 끊으라고 말만 해서 너무 화가 나.,부정,0,[],1,['화'],-1,0.269 ,부정,O
289,친척 어른들이 취업했냐고 물어볼 때마다 스트레스 받아.,부정,0,[],1,['스트레스'],-1,0.269 ,부정,O
290,아들이 실업계 고등학교를 가서 빨리 취업하고 싶다고 했는데 그렇게 하라고 할 걸 그랬어.,중립,0,[],1,['빨리'],-1,0.269 ,부정,X
291,인생은 내가 죽고 싶을 때 죽을 수 있는 게 아니라 슬픈 것 같아.,부정,0,[],0,[],0,0.500 ,부정,O
292,옆집 김 씨가 무릎이 안 좋다고 해서 영양제를 나눠줬어. 고마워하는 모습을 보고 기뻤어.,긍정,0,[],1,['안'],-1,0.269 ,부정,X
293,당뇨가 있어서 아내가 요즘 저염식으로 식단을 챙겨줬더니 당뇨 수치가 많이 좋아졌어.,긍정,0,[],2,"['당뇨', '당뇨']",-2,0.119 ,부정,X
294,친구가 요즘 집안 문제로 힘들어하는데 뭐라고 조언해줄지 조심스러워.,부정,1,['친구'],1,['문제'],0,0.500 ,부정,O
295,오늘 완전 충격적인 일 있었어.,부정,0,[],0,[],0,0.500 ,부정,O
296,일할 생각은 안 하고 병에 걸린 나한테 빨리 재산 물려달라고 하는 딸이 한심해.,부정,0,[],3,"['안', '병', '빨리']",-3,0.047 ,부정,O
297,나 때문에 대리님이 크게 다치신 것 같아 죄송해.,부정,0,[],0,[],0,0.500 ,부정,O
298,친구들이 동업을 제안했는데 지병 때문에 어떻게 될지 모르는 내가 같이 하는 게 맞는 걸까?,부정,1,['친구'],0,[],1,0.731 ,긍정,X
299,남편이 내 말에 집중 안 하고 말을 못 알아들어서 답답해 죽겠어.,부정,0,[],2,"['안', '못']",-2,0.119 ,부정,O
300,내 친구는 아직 건강한데 나는 그러지가 못해서 질투가 나.,부정,2,"['친구', '건강']",1,['질투'],1,0.731 ,긍정,X
301,올해 우리 부서가 평가에서 일 등을 할 것 같아.,중립,0,[],0,[],0,0.500 ,부정,X
302,이번 건강검진에서 대장암을 판정받았어. 아들이 수험생이라 신경 쓸 것도 많은데 너무 괴로워.,부정,0,[],1,['신경'],-1,0.269 ,부정,O
303,이제 학교 가는 게 더 이상 무섭지 않게 되었어.,중립,0,[],0,[],0,0.500 ,부정,X
304,오늘 면접 전에 옆 사람이 사준 음료수를 먹고 배탈이 났어. 사람이 미워지려고 해.,부정,0,[],0,[],0,0.500 ,부정,O
305,요즘 우리 같은 중년들은 건강에 관심이 많은 편이야. 그래서 방송에 나오는 것을 따라 하곤 해.,중립,2,"['건강', '관심']",0,[],2,0.881 ,긍정,X
306,내가 병이 있는데 딸 덕분에 잘 치료받을 수 있을 거 같아.,긍정,2,"['덕분', '잘']",1,['병'],1,0.731 ,긍정,O
307,이번 달은 주사일 근무 하라더라. 이러다 월급도 밀리면 난 어떻게 해야 할지 걱정이야.,부정,0,[],1,['걱정'],-1,0.269 ,부정,O
308,아빠가 난 피아노에 재능이 있대. 그래서 나도 너무 기뻐.,긍정,0,[],0,[],0,0.500 ,부정,X
309,요즘 애들 성적 때문에 스트레스가 심해.,부정,0,[],1,['스트레스'],-1,0.269 ,부정,O
310,면접을 볼 때마다 면접관들이 나를 너무 무시하는 느낌이 드니까 면접 생각만 해도 너무 긴장해서 토할 것 같아.,부정,0,[],1,['무시'],-1,0.269 ,부정,O
311,결혼하더니 남편이 변했어.,부정,0,[],0,[],0,0.500 ,부정,O
312,왕따를 당하고 있었는데 다른 무리 친구들이 나에게 말을 걸어줘서 신이 나.,부정,1,['친구'],1,['왕따'],0,0.500 ,부정,O
313,딸이 이번에 좋은 사람과 결혼해.,중립,0,[],0,[],0,0.500 ,부정,X
314,친구가 내 차가 너무 낡았다고 비꼬아서 자식들의 도움으로 새 차로 바꿨어.,중립,1,['친구'],0,[],1,0.731 ,긍정,X
315,건강에 대해서 악의적으로 얘기하는 사람이 있는 것 같아.,중립,1,['건강'],0,[],1,0.731 ,긍정,X
316,지금 남자친구와 결혼은 하고 싶은데 출산이 필수적인지 모르겠어. 출산은 여자가 희생해야 하는 부분이 많은 것 같아.,부정,1,['친구'],0,[],1,0.731 ,긍정,X
317,요즘 들어서 스스로 너무 한심하다고 느끼고 있어.,부정,0,[],0,[],0,0.500 ,부정,O
318,건강을 잃으니 돈도 잃고 내가 갈 곳이 없어.,부정,1,['건강'],0,[],1,0.731 ,긍정,X
319,그녀에게 잘해주지 못하고 헤어진 게 후회가 돼.,부정,1,['잘'],1,['후회'],0,0.500 ,부정,O
320,내년에 남편이 은퇴를 하고 그 다음 해에는 내가 은퇴를 할 예정인데 내가 힘들면 올해까지만 다닐까 싶기도 해.,부정,0,[],0,[],0,0.500 ,부정,O
321,당뇨가 집안 내력인지 건강했던 아들도 당뇨에 걸리서 속상해.,부정,1,['건강'],2,"['당뇨', '당뇨']",-1,0.269 ,부정,O
322,진로를 어떻게 결정해야 좋을지 혼란스러워.,부정,0,[],1,['혼란'],-1,0.269 ,부정,O
323,친구들은 만나기만 하면 서로 자기 아픈 곳을 이야기하기 바빠. 어떨 때는 들어주는 것도 화가 나.,부정,1,['친구'],1,['화'],0,0.500 ,부정,O
324,아르바이트생 중에서 나만 명문대 출신이라 눈치가 보여. ,중립,0,[],1,['눈치'],-1,0.269 ,부정,X
325,직위를 남용해서 직원들을 제멋대로 부려먹는 상사를 보고 있자니 구역질이 나.,부정,0,[],1,['구역질'],-1,0.269 ,부정,O
326,부모님께 사랑한다는 말을 더 많이 하지 못해서 후회가 돼.,부정,0,[],1,['후회'],-1,0.269 ,부정,O
327,이자 때문에 당혹스러워.,부정,0,[],1,['당혹'],-1,0.269 ,부정,O
328,일용직인데 어제도 일을 못 나가서 이번 달 생활비가 걱정이야.,부정,0,[],2,"['못', '걱정']",-2,0.119 ,부정,O
329,올해 본 면접 결과가 죄다 불합격이네. 오늘부로 총 스물한 번째야. 힘들어.,부정,0,[],0,[],0,0.500 ,부정,O
330,이번에 이직했는데 회사 사람들이 다들 반차도 안 쓰고 야근만 죽도록 해서 충격이야. 연차 쓰고 싶은데 눈치도 보이고 어떡하지?,부정,0,[],5,"['반', '안', '야근', '충격', '눈치']",-5,0.007 ,부정,O
331,살던 집을 팔고 작은 집으로 이사를 했지만 돈을 더 마련할 수 있어서 편안하고 만족스러워.,긍정,1,['편안'],0,[],1,0.731 ,긍정,O
332,하루에도 몇 통씩 보이스피싱 전화가 오는데 어떻게 된 거야 정말!,부정,0,[],0,[],0,0.500 ,부정,O
333,내가 싫어하던 선배 욕을 하고 있었는데 선배가 그걸 우연히 듣게 되었어.,부정,0,[],1,['욕'],-1,0.269 ,부정,O
334,어렸을 때부터 군인이 되겠다는 꿈을 가졌었는데 중간에 다른 꿈으로 방향을 틀었었거든? 그런데 결국은 두 꿈을 합쳐서 이루게 될 것 같아.,긍정,0,[],0,[],0,0.500 ,부정,X
335,친한 친구들이 갑자기 나를 무시하는 것 같아서 너무 속상해.,부정,1,['친구'],2,"['갑자기', '무시']",-1,0.269 ,부정,O
336,시험을 망쳤더니 부모님께 크게 혼이 나서 너무 슬퍼.,부정,0,[],0,[],0,0.500 ,부정,O
337,태풍 때문에 공무원 시험 날짜가 변경되어 혼란스러워.,부정,0,[],1,['혼란'],-1,0.269 ,부정,O
338,오늘 낮에 회사에서 정말 짜증이 나는 일이 있었어.,부정,0,[],1,['짜증'],-1,0.269 ,부정,O
339,친구들과 함께 있는 생각을 자주 하지만 현실은 나 혼자야. 슬프고 눈물이 나.,부정,1,['친구'],2,"['혼자', '눈물']",-1,0.269 ,부정,O
340,나 선생님께 칭찬을 받았어.,긍정,1,['칭찬'],0,[],1,0.731 ,긍정,O
341,시험이 코 앞인데 아무리 공부를 많이 해도 친구들보다 못 나올까 봐 걱정돼.,부정,1,['친구'],2,"['못', '걱정']",-1,0.269 ,부정,O
342,동네 어르신 병문안을 다녀왔는데 안색이 좋지 않으셔서 걱정이야.,부정,0,[],1,['걱정'],-1,0.269 ,부정,O
343,나랑 잘 맞지 않는 사람을 만나는 것은 힘든 일이야.,부정,0,[],0,[],0,0.500 ,부정,O
344,친구가 따돌림 당하는 사실을 선생님께 신고한 게 밝혀질까 봐 불안해.,부정,1,['친구'],1,['따돌림'],0,0.500 ,부정,O
345,오늘 공기업에 취직했어.,긍정,1,['취직'],0,[],1,0.731 ,긍정,O
346,남자 친구가 자꾸 바람 피우는 거 아니냐고 의심을 하는 데 너무 억울해.,부정,1,['친구'],2,"['바람', '억울']",-1,0.269 ,부정,O
347,같은 직장 동료가 나에게 거짓말을 해서 무척 노여워.,부정,1,['동료'],0,[],1,0.731 ,긍정,X
348,사귀는 남자가 있는데 요즘은 같이 있어도 혼자 있는 기분이 들어.,부정,1,['기분'],1,['혼자'],0,0.500 ,부정,O
349,남편한테 너무 실망했어.,부정,0,[],1,['실망'],-1,0.269 ,부정,O
350,나 성적이 나왔어. 아무한테도 못 보여 주겠어.,부정,0,[],1,['못'],-1,0.269 ,부정,O
351,이 거래처는 한두 번도 아니고 매번 직전에 발주 내용을 바꿔. 지금 너무 열 받아서 확 내지르고 싶은 심정이야.,부정,0,[],0,[],0,0.500 ,부정,O
352,가족들을 항상 신뢰하고 있어.,긍정,1,['가족'],0,[],1,0.731 ,긍정,O
353,대기업에 다니던 남편이 권고사직을 당해서 불안해.,부정,0,[],1,['당하'],-1,0.269 ,부정,O
354,틈만 나면 나를 때리는 친구가 있어서 인적이 드문 길로 걸어 다녀야 해서 불안해.,부정,1,['친구'],0,[],1,0.731 ,긍정,X
355,요새 직장을 계속 다녀야 할지 고민 중이야.,부정,0,[],1,['고민'],-1,0.269 ,부정,O
356,오늘 팀장님께 한 시간 넘게 구박당했어.,부정,0,[],1,['당하'],-1,0.269 ,부정,O
357,재정 상태를 신뢰해.,긍정,0,[],0,[],0,0.500 ,부정,X
358,직원들과 친해지기가 어려워서 힘드네.,중립,0,[],0,[],0,0.500 ,부정,X
359,딸들이 결혼한다는데 얼마 전 도박으로 돈을 꽤 날려서 보태줄 수가 없어서 부끄러워.,부정,0,[],0,[],0,0.500 ,부정,O
360,나랑 맞지 않는 사람을 만나는 것은 정말 힘든 일이야.,중립,0,[],0,[],0,0.500 ,부정,X
361,엄마 때문에 못살겠어. 맨날 잔소리 밖에 안하셔. 오늘도 벌써 세번째야.,부정,0,[],2,"['잔소리', '안']",-2,0.119 ,부정,O
362,이번에 면접을 봤는데 아무래도 부정이 의심돼서 신고하고 싶어.,부정,0,[],0,[],0,0.500 ,부정,O
363,주변 친구들은 다 결혼하는데 나는 연애도 못 하고 너무 한심한 것 같아.,부정,2,"['친구', '연애']",1,['못'],1,0.731 ,긍정,X
364,항상 안 좋았던 다리 관절 재활치료를 아내가 도와주다가 말도 없이 갑자기 화장실에 가버렸는데 서글픈 마음이 드는군.,부정,1,['마음'],3,"['안', '없이', '갑자기']",-2,0.119 ,부정,O
365,회사에 직장상사가 무섭게 생겨서 친해지는 게 두려워.,중립,0,[],0,[],0,0.500 ,부정,X
366,임신하고 나서 쭉 걱정했는데 무사히 아이를 낳아서 다행이야.,긍정,1,['다행'],1,['걱정'],0,0.500 ,부정,X
367,창업한 지 오 년 만에 문을 닫았어. 은퇴하고 시작한 거라 잘됐어야 했는데 너무 화가 나.,부정,1,['잘'],1,['화'],0,0.500 ,부정,O
368,퇴직하고 이제야 원 없이 내 인생 살아야지 했는데 폐암 이래 너무 슬퍼.,부정,0,[],3,"['퇴직', '없이', '폐암']",-3,0.047 ,부정,O
369,노년에 재정적으로 독립이 되어야 고립되지 않고 당당할 수 있을 것 같아.,부정,0,[],0,[],0,0.500 ,부정,O
370,몸이 계속 아파져서 병원을 여러 군데 다니다 보니 나 자신이 비참해지는 것 같아.,부정,1,['자신'],0,[],1,0.731 ,긍정,X
371,동창생이 십오년 만에 나보고 얼굴이 많이 늙었다고 했어. 상처받았어.,부정,1,['동창'],1,['상처'],0,0.500 ,부정,O
372,내가 친구를 다치게 한 거 같아.,부정,1,['친구'],0,[],1,0.731 ,긍정,X
373,남자 친구랑 관계 후 피임이 잘 되지 않은 것 같아. 임신이면 어떡하지?,부정,1,['친구'],0,[],1,0.731 ,긍정,X
374,시험 공부를 하고 자는 동안 공부한 걸 까먹으면 어떡하지?,부정,0,[],0,[],0,0.500 ,부정,O
375,밖에서 우리 부부가 금실이 좋아 보인다는 말을 들으면 어딘가 부끄러워.,중립,0,[],0,[],0,0.500 ,부정,X
376,임신한 아내가 건강하게 출산을 할 수 있을지 걱정이야,중립,1,['건강'],1,['걱정'],0,0.500 ,부정,X
377,제일 저명한 의사에게 건강검진을 받으려 했는데 더 기다려야 한다고 해서 초조해.,중립,1,['제일'],0,[],1,0.731 ,긍정,X
378,사기를 당해서 재정이 바닥났어. 왜 이런 일이 내게 생기는지 화가 나.,부정,0,[],3,"['당하', '왜', '화']",-3,0.047 ,부정,O
379,예전과 다르게 대인 관계를 유지하는 것에 대해 스트레스받지 않기로 했어.,부정,0,[],1,['스트레스'],-1,0.269 ,부정,O
380,업무량이 많아 결국 여름휴가를 가지 못했어.,부정,0,[],0,[],0,0.500 ,부정,O
381,내일이 채용 시험 발표일인데 너무 떨려서 며칠 전부터 잠을 잘 못 자.,부정,1,['잘'],1,['못'],0,0.500 ,부정,O
382,어제 회사 체육대회를 했는데 지금 전신이 쑤시고 너무 무거워.,부정,0,[],0,[],0,0.500 ,부정,O
383,내 육십 평생 살아오면서 마음이 통하는 친구가 있다는 게 정말 만족스러워.,긍정,2,"['마음', '친구']",0,[],2,0.881 ,긍정,O
384,내가 이번에 드디어 승진하게 됐어.,긍정,2,"['드디어', '승진']",0,[],2,0.881 ,긍정,O
385,최근에 백내장 수술하고 회복 중이라 오늘 미용실에 가서 샴푸를 하고 왔어.,긍정,0,[],1,['백내장'],-1,0.269 ,부정,X
386,학교에 가면 친구들이 괴롭혀서 슬퍼.,중립,1,['친구'],0,[],1,0.731 ,긍정,X
387,요즘 하루하루 감사하며 살고 있어.,긍정,1,['감사'],0,[],1,0.731 ,긍정,O
388,일을 구하고 싶은데 아무도 날 고용하지 않을 것 같아서 불안해.,부정,0,[],0,[],0,0.500 ,부정,O
389,우울증 때문에 도박의 늪에 빠져버렸어. 집까지 날려 이젠 갈 데가 없어.,부정,0,[],1,['우울증'],-1,0.269 ,부정,O
390,엄마가 내가 좋아하는 아이돌 콘서트에 같이 가주시겠다고 하셔서 행복해.,긍정,0,[],0,[],0,0.500 ,부정,X
391,친구들이 내 용돈을 뺏어 가는 게 너무 싫어.,부정,1,['친구'],0,[],1,0.731 ,긍정,X
392,상사가 자기가 한 말을 기억하지 못하고 내가 잘못했다고 덮어씌워서 너무 억울하고 화나.,부정,0,[],2,"['잘못', '억울']",-2,0.119 ,부정,O
393,침침한 눈 때문에 끔뻑이는 아내에게 바보 같다고 핀잔을 줬어. 죄책감이 들어.,부정,0,[],2,"['바보', '죄책감']",-2,0.119 ,부정,O
394,고등학교에 입학한 이후 친구가 없어. 너무 서글퍼.,중립,1,['친구'],0,[],1,0.731 ,긍정,X
395,내 신랑은 정말 제대로 하는 게 하나도 없어!,중립,0,[],1,['제대로'],-1,0.269 ,부정,X
396,감기로 아파서 전체 검진도 같이 보기로 했는데 막상 비용이 비싸서 그만 두었어.,부정,0,[],0,[],0,0.500 ,부정,O
397,아기가 건강하게 태어날 수 있도록 나를 잘 보살펴준 남편에게 너무 고마워.,긍정,2,"['건강', '잘']",0,[],2,0.881 ,긍정,O
398,이번에 새로운 여자친구를 사귀었는데 너무 매력 넘치고 좋은 여자야.  ,긍정,1,['친구'],0,[],1,0.731 ,긍정,O
399,돈 때문에 친구들하고 어울리기가 힘든 것 같아.,긍정,1,['친구'],0,[],1,0.731 ,긍정,O
400,코로나 때문에 활동량이 적어지니 몸컨디션이 좋지 않아.,중립,0,[],0,[],0,0.500 ,부정,X
401,나 아무래도 빌려준 돈을 못 받게 될 것 같아.,부정,0,[],1,['못'],-1,0.269 ,부정,O
402,나에게 다가오는 사람들은 모두 목적을 가지고 접근하는 것 같아 항상 불안해.,부정,0,[],0,[],0,0.500 ,부정,O
403,아니 요즘 기억력이 확실히 안 좋아졌더라고.,부정,0,[],1,['안'],-1,0.269 ,부정,O
404,학교에서 난 괴롭힘 당하고 있었는데 어떤 친구가 와줘서 내 편이 되어줬어.,부정,1,['친구'],0,[],1,0.731 ,긍정,X
405,오늘 주택복권에 당첨되어 너무 기뻐.,긍정,0,[],0,[],0,0.500 ,부정,X
406,아들이 학교 폭력에 연루되었다는 걸 알았을 때 확실하게 교육을 시켰어야 했어.,부정,0,[],1,['폭력'],-1,0.269 ,부정,O
407,세입자가 아파서 일을 못했다고 자꾸 월세를 깎아 달라는데 마음이 불편해.,부정,1,['마음'],1,['불편'],0,0.500 ,부정,O
408,엄마한테 예술고등학교 가겠다고 했거든.,긍정,0,[],0,[],0,0.500 ,부정,X
409,여태껏 딸이 시집을 가지 않아 스트레스가 정말 심해.,부정,0,[],1,['스트레스'],-1,0.269 ,부정,O
410,내가 잘못한 게 아닌데 친구가 나를 의심해서 스트레스야.,부정,1,['친구'],2,"['잘못', '스트레스']",-1,0.269 ,부정,O
411,이번에 취업 면접을 봤는데 망친 것 같아서 슬퍼.,부정,0,[],0,[],0,0.500 ,부정,O
412,이장님께서 직접 농사지은 과일을 들고 우리 집을 방문해 주셔서 아주 만족스러워.,긍정,0,[],0,[],0,0.500 ,부정,X
413,요즘 제일 걱정되는 게 다음달에 군대 가는 아들이야.,중립,1,['제일'],1,['걱정'],0,0.500 ,부정,X
414,은퇴하고서 귀촌 생활을 꿈꾸었는데 아내가 반대를 많이 하네.,부정,0,[],0,[],0,0.500 ,부정,O
415,지금 내 나이가 사십 대인데 아직 노후 준비를 못 해서 걱정이야.,부정,0,[],3,"['나이', '못', '걱정']",-3,0.047 ,부정,O
416,노후 준비를 하기 위해 저축을 했는데 이제는 쌓이는 돈을 보는 것 자체가 너무 신이 나!,긍정,0,[],0,[],0,0.500 ,부정,X
417,나이가 드니까 몸도 아프고. 혼자인 거 같은 느낌이 든다.,부정,0,[],2,"['나이', '혼자']",-2,0.119 ,부정,O
418,엄마가 요즘 울기만 하는 것 같아서 걱정돼.,부정,0,[],1,['걱정'],-1,0.269 ,부정,O
419,머리를 어떻게 할까 고민하다가 스타일을 조금 바꿔서 했더니 친구들이 잘 어울린다고 칭찬해 줘서 기분이 좋아.,긍정,4,"['친구', '잘', '칭찬', '기분']",0,[],4,0.982 ,긍정,O
420,가족들끼리 행사를 챙기는 게 사실 귀찮아.,긍정,1,['가족'],0,[],1,0.731 ,긍정,O
421,오늘 내 회사 선임이 정년 퇴임을 하셨어.,중립,0,[],0,[],0,0.500 ,부정,X
422,자식들이 내게 상조 보험이 미리 가입을 해두는 게 어떻겠냐고 권유해서 당황스럽고 한편으로는 씁쓸해.,부정,0,[],1,['당황'],-1,0.269 ,부정,O
423,엄마가 해보라는 공부 방식은 내 스타일이 아니야.,중립,0,[],0,[],0,0.500 ,부정,X
424,나 어제 친구한테 고백했다가 차였어. ,부정,2,"['친구', '고백']",0,[],2,0.881 ,긍정,X
425,안 넣는다고 했던 회사에 친구가 지원했더라. 안 좋은 회사라고 하길래 나 안 넣었는데.,중립,1,['친구'],3,"['안', '안', '안']",-2,0.119 ,부정,X
426,나는 정말 여자 마음을 잘 모르는 것 같아.,중립,2,"['마음', '잘']",0,[],2,0.881 ,긍정,X
427,요즘 기억력도 나빠지고 눈도 침침하니 업무능률이 안 올라.,부정,0,[],1,['안'],-1,0.269 ,부정,O
428,나보다 성적 좋은 애 방해하려고 애들 시켜서 괴롭혔어.,부정,0,[],0,[],0,0.500 ,부정,O
429,나는 자전거 동호회에서 활동하고 있는데 사람들이 다들 나를 오십 대로 봐.,중립,0,[],0,[],0,0.500 ,부정,X
430,나만 친구들에게 연락하는 것 같아.,중립,1,['친구'],0,[],1,0.731 ,긍정,X
431,이 일을 계속해야 하나 고민돼.,중립,0,[],1,['고민'],-1,0.269 ,부정,X
432,믿기지 않아! 내가 평소에 정말 친해지고 싶었던 친구랑 친해졌어!,긍정,1,['친구'],0,[],1,0.731 ,긍정,O
433,건강할 때 건강을 지켜야 하는 게 맞나봐.,긍정,2,"['건강', '건강']",0,[],2,0.881 ,긍정,O
434,이번에 맡은 프로젝트에 아무래도 자신이 없고 불안해.,중립,1,['자신'],0,[],1,0.731 ,긍정,X
435,올해 명예퇴직을 해. 그런데 모아둔 돈이 없어서 당장 새로운 일자리를 구해야 해.,중립,0,[],0,[],0,0.500 ,부정,X
436,친구들은 재정관리를 어떻게 하는지 궁금한데 실례일까봐 물어보기 조심스러워.,중립,1,['친구'],0,[],1,0.731 ,긍정,X
437,내 친한 친구가 동성애자인 것을 알게되어 너무 충격이야.,부정,1,['친구'],1,['충격'],0,0.500 ,부정,O
438,나 눈물이 나. 엄마께 학교 폭력 당한 것을 말씀드렸더니 나를 안고 우셨어.,부정,0,[],4,"['눈물', '폭력', '당하', '안']",-4,0.018 ,부정,O
439,삼십 년간 여자친구 한 번도 못 사귀어봤네. 한심하다.,부정,1,['친구'],1,['못'],0,0.500 ,부정,O
440,요즘 사는 게 너무 힘들어.,중립,0,[],0,[],0,0.500 ,부정,X
441,남편이 무슨 일인지 나에게 병원비로 쓰라고 그동안 모아뒀던 돈을 줬어.,부정,0,[],0,[],0,0.500 ,부정,O
442,대학을 가야 하는지 혼란스러워.,부정,0,[],1,['혼란'],-1,0.269 ,부정,O
443,연초에 했던 다짐을 생각하면 나 자신이 너무 한심해.,부정,1,['자신'],0,[],1,0.731 ,긍정,X
444,어렸을 때 사진을 보는데 항상 언니가 입던 옷만 예쁜 거 같아 서운해.,중립,0,[],0,[],0,0.500 ,부정,X
445,건강해지려면 신경이 편해야 하는데 힘드네.,중립,1,['건강'],1,['신경'],0,0.500 ,부정,X
446,내가 요리를 못하는데 자식들이 내가 차려준 밥을 정말 맛있게 먹어줘서 기분이 좋았어.,중립,1,['기분'],0,[],1,0.731 ,긍정,X
447,다정했던 연애 때와 달라진 남편의 모습을 보니 가끔은 당혹스러워.,중립,1,['연애'],1,['당혹'],0,0.500 ,부정,X
448,죽는 것도 괴로운데 돈 걱정까지 해야 한다니 내 팔자도 참 그렇지?,부정,0,[],1,['걱정'],-1,0.269 ,부정,O
449,요즘 일이 너무 많아졌어.,부정,0,[],0,[],0,0.500 ,부정,O
450,얼마 전에 아내가 하늘나라로 떠났어. 세상에 혼자 남겨진 기분이야.,부정,1,['기분'],1,['혼자'],0,0.500 ,부정,O
451,쉬는 시간에 매점에 갔다가 돌아오니 나쁜 애들이 내 사물함을 뒤지고 있어서 화가 났어.,부정,0,[],1,['화'],-1,0.269 ,부정,O
452,남편이 천식에 좋은 차를 매일 타주고 있어.,중립,0,[],0,[],0,0.500 ,부정,X
453,아빠는 일을 쉬고 여전히 집에서 놀고 있어.,부정,0,[],0,[],0,0.500 ,부정,O
454,선생님이 나의 고민을 아시고 나를 부르셨어.,중립,0,[],1,['고민'],-1,0.269 ,부정,X
455,시험이 연기되다니 이거 실화야?,부정,0,[],0,[],0,0.500 ,부정,O
456,여자 친구가 나보고 헤어지자 했어. 너무 좌절스러워.,부정,1,['친구'],0,[],1,0.731 ,긍정,X
457,내가 집안일을 돕는다고 하면 친구들이 우습게 볼 것 같아 말을 안 했어.,부정,1,['친구'],1,['안'],0,0.500 ,부정,O
458,부모님께 받은 학원 비를 옷 사는데 쓰고 학원 등록을 하지 않았는데 걸릴까봐 불안해,부정,0,[],0,[],0,0.500 ,부정,O
459,이번 프로젝트에서 내가 발표 실수를 해서 우리 팀이 감점을 받아서 너무 미안해.,부정,0,[],2,"['실수', '미안']",-2,0.119 ,부정,O
460,병원서 검진 받았는데 아이가 건강하게 태어나겠다고 의사 선생님이 그랬어.,긍정,1,['건강'],0,[],1,0.731 ,긍정,O
461,해외 연예인이 이번에 출산했는데 이와 관련해서 악의적인 루머가 인터넷에 돌고 있어.,부정,0,[],0,[],0,0.500 ,부정,O
462,박 사장이 알고 보니 사기꾼이었어. 그동안 믿고 투자한 거 생각하면 화가 나.,부정,0,[],1,['화'],-1,0.269 ,부정,O
463,오랜만에 친구랑 브런치 먹으면서 망중한을 즐겼어.,긍정,2,"['오랜만', '친구']",0,[],2,0.881 ,긍정,O
464,저번에 내가 나섰던 일이 잘 해결됐어.,긍정,1,['잘'],0,[],1,0.731 ,긍정,O
465,나 대인관계가 너무 성가신 것 같아.,부정,0,[],0,[],0,0.500 ,부정,O
466,학교에서 갑자기 친구가 아빠는 무슨 일을 하냐고 물어봤는데 사실대로 말하지 못하고 거짓말을 했어.,부정,1,['친구'],1,['갑자기'],0,0.500 ,부정,O
467,내가 험담을 했다니 억울해.,부정,0,[],2,"['험담', '억울']",-2,0.119 ,부정,O
468,올해도 가족 여행에 나만 참석하지 못해서 정말 아쉬워. 기대를 많이 했었는데 말이야.,부정,2,"['가족', '여행']",0,[],2,0.881 ,긍정,X
469,지난 검진 결과가 좋아서 기대하고 갔는데 다시 나빠졌다는군.,부정,0,[],0,[],0,0.500 ,부정,O
470,대학이 우선이라는 걸 딸이 잘 듣지 않는 것 같아 답답해.,부정,0,[],0,[],0,0.500 ,부정,O
471,입사 후 많은 걸 배울 줄 알았는데 아직도 커피 타고 복사만 하고 있어서 너무 힘들어.,부정,0,[],0,[],0,0.500 ,부정,O
472,노후를 대비할 생각에 구역질이 나네.,부정,0,[],1,['구역질'],-1,0.269 ,부정,O
473,나 빼고 전부 결혼했어. 모임에 나갔더니 나만 혼자야. ,부정,0,[],1,['혼자'],-1,0.269 ,부정,O
474,아들이 사춘기인지 나와 대화를 하지 않아.,부정,0,[],0,[],0,0.500 ,부정,O
475,이 동네의 내 또래 노인들은 다 성격이 유쾌해서 지내기가 너무 좋아.,긍정,0,[],0,[],0,0.500 ,부정,X
476,조퇴하고 집에 가니 와이프가 다른 남자랑 입술을 부비고 있었어.,부정,0,[],0,[],0,0.500 ,부정,O
477,건강에 환멸을 느껴.,부정,1,['건강'],0,[],1,0.731 ,긍정,X
478,친구가 남자친구랑 해외여행을 가서 매일 사진을 올리고 있어. 나는 일에 치여서 남자친구 보기도 힘들고 휴가고 뭐고 아무것도 없는데 친구가 부러워서 질투가 나.,부정,6,"['친구', '친구', '해외여행', '친구', '휴가', '친구']",2,"['아무것', '질투']",4,0.982 ,긍정,X
479,책을 안 가지고 와버렸는데 어떻게 해야 할지 모르겠고 당황스러워.,부정,0,[],2,"['안', '당황']",-2,0.119 ,부정,O
480,결혼 처음에는 아내가 해준 밥이 좋았는데 지금은 같은 것만 먹다보니 지겨워.,부정,0,[],0,[],0,0.500 ,부정,O
481,그렇게 나를 힘들게 하던 시어머니가 돌아가셨어.,부정,0,[],0,[],0,0.500 ,부정,O
482,여자친구 집안에서 내가 부모가 없다고 결혼을 반대하셔.,부정,1,['친구'],0,[],1,0.731 ,긍정,X
483,누나랑 같이 다닐 때 사람들이 누나와 나를 자꾸 번갈아 쳐다보는 것 같아서 기분 나빠.,부정,1,['기분'],0,[],1,0.731 ,긍정,X
484,소개 받은 여자에게 연애 하는데 부끄러움이 많아서 좋은 감정을 잘 표현 못 하고 있어.,중립,2,"['연애', '잘']",1,['못'],1,0.731 ,긍정,X
485,항상 주변 사람들이 나를 아껴주는 것이 느껴져서 감사하고 기뻐.,긍정,1,['감사'],0,[],1,0.731 ,긍정,O
486,직장에서 이런 일이 일어나면 안 되는 거 아닌가. 난 사장을 믿고 존경했는데 배신당한 느낌이야.,부정,0,[],2,"['안', '당하']",-2,0.119 ,부정,O
487,오늘 별관에서 투석 치료받고 오는 길에 오만 원 주웠어.,중립,0,[],0,[],0,0.500 ,부정,X
488,결혼 생활이 너무 행복해.,긍정,0,[],0,[],0,0.500 ,부정,X
489,남은 대출금을 갚아야 하는데 그 금액을 볼 때 마다 너무 화가나고 짜증나.,부정,0,[],1,['화'],-1,0.269 ,부정,O
490,요새 회사생활 해보니 고래 싸움에 새우 등 터진다는 게 무슨 뜻인지 알 거 같아.,부정,0,[],0,[],0,0.500 ,부정,O
491,다행이 내일이 적금 만기일인데 다음 주 수술비를 다 낼 수 있게 돼서 기쁘구먼.,긍정,1,['다행히'],1,['수술비'],0,0.500 ,부정,X
492,어제 범죄 뉴스 봤어? 이런 세상에 어떻게 아이를 낳을 수 있을까.,부정,0,[],0,[],0,0.500 ,부정,O
493,우리 신입은 오늘도 그냥 넘어가는 법이 없어.,부정,0,[],0,[],0,0.500 ,부정,O
494,나는 탁구를 정말 좋아하는데 요즘 몸이 잘 따라주지 않아서 걱정이야.,부정,0,[],1,['걱정'],-1,0.269 ,부정,O
495,하필 병원 진료 예약이 있는 날 몸이 너무 피곤해서 예약을 미뤄야 했다는 게 성가셔.,부정,0,[],0,[],0,0.500 ,부정,O
496,친구 장례식장에 갔는데 아들놈이 상주 노릇은 안 하고 술만 퍼마시더라. 한심해.,부정,1,['친구'],1,['안'],0,0.500 ,부정,O
497,기본적으로 필요한 컴퓨터 자격증도 안 따서 취업하기가 너무 힘들어.,부정,0,[],1,['안'],-1,0.269 ,부정,O
498,건강하기만 하면 뭐 해. 모아 둔 돈도 없고 자식도 없어서 외롭고 억울하기만 해.,부정,1,['건강'],1,['억울'],0,0.500 ,부정,O
499,어제 회사에서 부당한 지시를 받았어.,부정,0,[],1,['부당'],-1,0.269 ,부정,O
500,요즘 공부를 열심히 한다고 선생님께 칭찬받았어.,긍정,2,"['열심히', '칭찬']",0,[],2,0.881 ,긍정,O
501,직장에서 아직도 보고서를 제출하지 못했어. 내가 너무 한심해.,부정,0,[],0,[],0,0.500 ,부정,O
502,예전에 잘나가던 시절 아는 사람들과 마주치고 싶지 않아.,부정,0,[],0,[],0,0.500 ,부정,O
503,어쩌면 좋지? 너무 괴로운 일이 있어.,부정,0,[],0,[],0,0.500 ,부정,O
504,이번에 지원한 회사에서 합격 통보를 받아서 기분이 좋았는데 돌연 합격을 취소시켰어.,부정,3,"['합격', '기분', '합격']",0,[],3,0.953 ,긍정,X
505,내 주변 친구들이 하나둘 시집가니깐 너무 불안해. 나도 빨리 가야 할 것만 같아.,부정,1,['친구'],1,['빨리'],0,0.500 ,부정,O
506,은퇴하고 만성질환으로 몸이 안 좋아.,부정,0,[],2,"['만성질환', '안']",-2,0.119 ,부정,O
507,나는 참 외로워. 이러다가 우울증 걸리겠어.,부정,0,[],1,['우울증'],-1,0.269 ,부정,O
508,한 명 남은 친구가 암에 걸렸다는 소식을 들었는데 세상에서 고립된 느낌이네.,부정,1,['친구'],1,['암'],0,0.500 ,부정,O
509,참 우리 가족들은 별일도 아닌데 동네잔치까지 열고. 좀 부끄럽긴 해도 기분이 좋더라.,긍정,2,"['가족', '기분']",0,[],2,0.881 ,긍정,O
510,사업에 대한 꿈을 못 버린 큰 아들이 자꾸만 금전적으로 사고를 쳐.,부정,0,[],1,['못'],-1,0.269 ,부정,O
511,친한 언니와 여행을 가기로 했는데 약속이 갑자기 취소되어서 화가 나.,부정,1,['여행'],2,"['갑자기', '화']",-1,0.269 ,부정,O
512,엄마가 내 장래 희망을 갑자기 반대하셔서 당황스러워. 난 이 꿈 만을 보고 살아왔는데.,부정,0,[],2,"['갑자기', '당황']",-2,0.119 ,부정,O
513,내가 시댁하고 속상한 일이 생기면 남편은 시댁의 편만 들어서 서운해.,부정,0,[],0,[],0,0.500 ,부정,O
514,직장 일 때문에 너무 힘들어. 출근할 생각만 해도 머리가 아파.,부정,0,[],0,[],0,0.500 ,부정,O
515,강 씨는 내가 못 먹는 거 뻔히 알면서. 내 앞에서 쩝쩝 대고 먹는 꼴이 너무 보기 싫고 미워.,부정,0,[],1,['못'],-1,0.269 ,부정,O
516,부모님이 안 계셔서 동생들을 나 혼자 책임져야 하는데 너무 힘들어.,부정,0,[],2,"['안', '혼자']",-2,0.119 ,부정,O
517,아침에 눈을 뜨면 출근하기 싫다는 생각만 나.,부정,0,[],0,[],0,0.500 ,부정,O
518,우리 집은 왜 이렇게 가난한지 모르겠어. 나는 저축이 왜 힘든 거지.,부정,0,[],2,"['왜', '왜']",-2,0.119 ,부정,O
519,오늘 가족들이랑 여행을 가기로 했는데 여행이 취소됐어. ,부정,3,"['가족', '여행', '여행']",0,[],3,0.953 ,긍정,X
520,공부를 못하니 진로를 정할 수가 없어.,부정,0,[],0,[],0,0.500 ,부정,O
521,이제 와서 노후준비를 하려니 막막하고 엄두가 나지 않아서 답답해.,부정,0,[],0,[],0,0.500 ,부정,O
522,부하직원이 바쁘다고 내가 요청한 업무는 미루더니 상사 요청 업무는 바로 처리하네. 조금 마음이 상하는데?,부정,1,['마음'],0,[],1,0.731 ,긍정,X
523,부모님이 이혼하실까봐 불안해.,부정,0,[],0,[],0,0.500 ,부정,O
524,노후 자금을 꽤 모았는데 이걸로 충분한가 싶네.,중립,0,[],0,[],0,0.500 ,부정,X
525,요즘 공부를 못 하겠어. 친구들이 나를 싫어해서 머리가 혼란스럽거든.,부정,1,['친구'],2,"['못', '혼란']",-1,0.269 ,부정,O
526,가족들 때문에 너무 짜증나.,부정,1,['가족'],0,[],1,0.731 ,긍정,X
527,명절도 다가오고 하니 가족들이 생각나네. 그동안 가족들과 왕래도 없이 혼자 생활하고 그래서 건강이 안 좋아.,부정,3,"['가족', '가족', '건강']",3,"['없이', '혼자', '안']",0,0.500 ,부정,O
528,요즘 몸이 계속 안 좋더니 결국 수술해야 된대.,부정,0,[],1,['안'],-1,0.269 ,부정,O
529,자식들에게 돈을 달라고 하고 싶은데 미안해.,부정,0,[],1,['미안'],-1,0.269 ,부정,O
530,아이를 낳고 아이와 한 번도 여행을 가지 못했어. 아이에게 너무 미안해.,부정,1,['여행'],1,['미안'],0,0.500 ,부정,O
531,내 무관심이 더 아내의 병을 악화시킨 거 같아. 나한테 화가 나.,부정,0,[],2,"['병', '화']",-2,0.119 ,부정,O
532,노후 준비를 위해서 저축을 해야 하는데 나가는 돈이 많아서 어쩔 줄 모르겠네.,부정,0,[],0,[],0,0.500 ,부정,O
533,은퇴 전에 직장동료들에게 감사 표시를 하고 싶어.,긍정,2,"['동료', '감사']",0,[],2,0.881 ,긍정,O
534,새 옷을 살 돈이 없어서 기워 입은 옷이 좀 창피하네.,부정,0,[],0,[],0,0.500 ,부정,O
535,지금 이게 현실인지 꿈인지 모르겠어.,중립,0,[],0,[],0,0.500 ,부정,X
536,집에서 일하던 중에 여자 친구 때문에 노트북이 떨어져 고장 나서 너무 슬퍼.,부정,1,['친구'],0,[],1,0.731 ,긍정,X
537,건강하다고 나름대로 생각했던 것 같은데 검진 결과가 안 좋게 나와서 너무 기분이 우울해.,부정,2,"['건강', '기분']",2,"['안', '우울']",0,0.500 ,부정,O
538,나 이번 달부터 연금 받거든. 그래서 느긋하게 여행 좀 다녀볼까 하고 알아보고 있어.,중립,1,['여행'],0,[],1,0.731 ,긍정,X
539,지난달에 길었던 연애 기간을 끝내고 결혼해 아내랑 같이 살기 시작하니 몸도 마음도 안정되는 거 같아.,긍정,2,"['연애', '마음']",0,[],2,0.881 ,긍정,O
540,이번 생일에 선물을 너무 많이 받아서 기뻐.,긍정,2,"['생일', '선물']",0,[],2,0.881 ,긍정,O
541,만성질환으로 병원비가 많이 필요한데 돈을 구할 때가 없어.,부정,0,[],1,['만성질환'],-1,0.269 ,부정,O
542,다른 친구들은 전공 수업을 잘 이해하는 것 같은데 나만 어려운 것 같아서 슬퍼.,부정,2,"['친구', '잘']",0,[],2,0.881 ,긍정,X
543,질환 치료에 돈이 많이 들더라고. 미리 보험에 가입하길 잘한 것 같아.,긍정,0,[],0,[],0,0.500 ,부정,X
544,딸과 오늘 또 싸웠어.,부정,0,[],0,[],0,0.500 ,부정,O
545,어제 지인 때문에 화가 많이 났었는데 가족들과 이야기한 후 그분을 이해할 수 있어서 정말 고마웠어.,긍정,1,['가족'],1,['화'],0,0.500 ,부정,X
546,몸의 감각이 둔해지니까 감정도 점점 마비된 것 같아.,부정,0,[],1,['마비'],-1,0.269 ,부정,O
547,아내가 아이를 갖고 싶지 않다고 해서 충격이야.,부정,0,[],1,['충격'],-1,0.269 ,부정,O
548,요즘 나 대학진학 관련해서 고민이 많아서 혼란스러워.,부정,0,[],2,"['고민', '혼란']",-2,0.119 ,부정,O
549,팬데믹 상황 때문에 딸 결혼식에 하객들도 별로 안 올 것 같아 걱정돼.,부정,0,[],3,"['별로', '안', '걱정']",-3,0.047 ,부정,O
550,몇 년 동안 나를 괴롭히던 유방암이 방사선 치료받고 완치되었어.,긍정,1,['완치'],0,[],1,0.731 ,긍정,O
551,남편하고 이혼하고 당장 잘 곳이 없어서 너무 곤란해. 부모님 집에 가면 걱정만 하실 것 같아서 가기 싫어.,부정,1,['잘'],1,['걱정'],0,0.500 ,부정,O
552,나는 선생님께 잘 보이고 싶어서 아는 문제인데도 질문을 해.,중립,1,['잘'],1,['문제'],0,0.500 ,부정,X
553,어제 동네마트를 갔다가 퇴근하는 남편을 보고서 손을 흔들었는데 남편이 갑자기 집 밖에 나올 때는 좀 더 차려입고 나오면 안 되냐고 타박을 했어.,부정,0,[],2,"['갑자기', '안']",-2,0.119 ,부정,O
554,항상 남을 미워하는 마음으로 살다 보니 정신 건강에 너무 안 좋은 것 같아.,부정,2,"['마음', '건강']",1,['안'],1,0.731 ,긍정,X
555,이제 곧 은퇴가 다가오는데 노후준비를 제대로 해놓지 못한 거 같아서 너무 괴로워.,부정,0,[],1,['제대로'],-1,0.269 ,부정,O
556,우리 가족 관계가 좋은지 잘 알 수 없어서 힘들어.,부정,2,"['가족', '잘']",0,[],2,0.881 ,긍정,X
557,아이가 교통사고를 당했어.,부정,0,[],1,['당하'],-1,0.269 ,부정,O
558,출산 때문에 어쩔 수 없이 오랫동안 다니던 직장을 그만뒀는데 후회돼.,부정,0,[],2,"['없이', '후회']",-2,0.119 ,부정,O
559,취업에 자꾸 실패해서 슬퍼.,부정,0,[],1,['실패'],-1,0.269 ,부정,O
560,취업 준비를 하는 데 겁이 나.,부정,0,[],1,['겁'],-1,0.269 ,부정,O
561,예순이 넘어도 돈 때문에 짜증 나는 건 여전하네.,부정,0,[],1,['짜증'],-1,0.269 ,부정,O
562,퇴직금으로 친구 사업에 투자를 했는데 사업이 망해서 친구가 도망갔어.,부정,2,"['친구', '친구']",0,[],2,0.881 ,긍정,X
563,나 이제 더는 사람 사귀는 게 두려워. 구역질 나.,부정,0,[],1,['구역질'],-1,0.269 ,부정,O
564,딸이 올해에도 취업하지 못할까 봐 걱정돼.,부정,0,[],1,['걱정'],-1,0.269 ,부정,O
565,우리 반에서 친구가 극단적인 선택을 했어. 보고만 있던 나 때문인 것 같아서 죄책감이 들어.,부정,1,['친구'],2,"['반', '죄책감']",-1,0.269 ,부정,O
566,오늘 이사 왔는데 아랫집에서 시끄럽다고 올라왔어. 뛰지도 않았는데 말이야.,부정,0,[],0,[],0,0.500 ,부정,O
567,결혼 후 가사 분담이 잘 이루어지지 않아서 실망스러워.,부정,0,[],1,['실망'],-1,0.269 ,부정,O
568,남편과의 관계가 편안해진 것 같아서 마음이 좋은 것 같아.,긍정,2,"['편안', '마음']",0,[],2,0.881 ,긍정,O
569,임신하니 스트레스 받는 상황이 늘었어.,부정,0,[],1,['스트레스'],-1,0.269 ,부정,O
570,직원 한 사람이 날 사랑한다고 고백을 하지 뭐야,긍정,1,['고백'],0,[],1,0.731 ,긍정,O
571,친구 커플이랑 제주도 여행 다녀왔어.,중립,2,"['친구', '여행']",0,[],2,0.881 ,긍정,X
572,내 동료들은 다들 너무 이기적이라서 짜증 나.,부정,1,['동료'],2,"['이기적', '짜증']",-1,0.269 ,부정,O
573,취직을 준비 중인데 넣을 곳이 없는 것 같아서 너무 기분이 가라앉는 것 같아.,부정,2,"['취직', '기분']",0,[],2,0.881 ,긍정,X
574,부장님에게 큰 실수를 한 것 같아서 괴로워.,부정,0,[],1,['실수'],-1,0.269 ,부정,O
575,이 나이가 되어 경제적으로 여유가 없으니 어디에도 당당히 나설 수가 없어.,부정,1,['여유'],1,['나이'],0,0.500 ,부정,O
576,친구가 세 명 이상 모이면 구설수가 많은 것 같아.,부정,1,['친구'],0,[],1,0.731 ,긍정,X
577,요즘 학교생활이 너무 구역질 나.,부정,0,[],1,['구역질'],-1,0.269 ,부정,O
578,우리 회사는 위계질서가 심해서 스트레스야.,부정,0,[],1,['스트레스'],-1,0.269 ,부정,O
579,건강 관리 때문에 스트레스받아.,부정,1,['건강'],1,['스트레스'],0,0.500 ,부정,O
580,나이가 들어갈수록 가족이 최고라는 생각이 들어.,중립,1,['가족'],1,['나이'],0,0.500 ,부정,X
581,친구들은 직장에 다니는데 나만 육아하니까 고립된 기분이야.,부정,2,"['친구', '기분']",0,[],2,0.881 ,긍정,X
582,친구한테 너무 열등감이 느껴져서 짜증나.,부정,1,['친구'],0,[],1,0.731 ,긍정,X
583,대장암으로 입원을 했다가 저번 달에 퇴원을 했어. 근데 오늘 아들도 대장암을 앓게 되어 입원했다는 소식을 들었어.,부정,0,[],0,[],0,0.500 ,부정,O
584,내가 결혼을 할 수 있을지 없을지 의문이야.,부정,0,[],0,[],0,0.500 ,부정,O
585,아들명의로 들었던 적금을 남편이 나 몰래 해약을 했어.,부정,0,[],0,[],0,0.500 ,부정,O
586,내가 친구를 의심해서 사이가 틀어졌어. 너무 죄책감이 들어서 사과하고 싶어.,부정,1,['친구'],1,['죄책감'],0,0.500 ,부정,O
587,연애가 이제는 두려워.,부정,1,['연애'],0,[],1,0.731 ,긍정,X
588,이렇게 혼자 살면서 가진 돈도 없고 자식들도 나 몰라라 하니 조금 서글프네.,부정,0,[],1,['혼자'],-1,0.269 ,부정,O
589,다들 날 무시해서 너무 짜증 나!,부정,0,[],2,"['무시', '짜증']",-2,0.119 ,부정,O
590,얼마 전에 새로 산 넥타이를 자식이 사준 거라고 친구에게 거짓말을 했어.,부정,1,['친구'],0,[],1,0.731 ,긍정,X
591,내가 약속을 계속 어겨서 남자친구랑 헤어졌어. 남자친구한테 너무 미안해.,부정,2,"['친구', '친구']",1,['미안'],1,0.731 ,긍정,X
592,나와 직장 동료 사이를 오해한 아내한테 뺨을 맞았어.,부정,1,['동료'],1,['오해'],0,0.500 ,부정,O
593,요즘 의욕이 없어.  많이 우울하고 외로워.,부정,0,[],1,['우울'],-1,0.269 ,부정,O
594,거래처에 보낼 서류가 마감 시간 전에 잘 도착했는지 걱정되고 불안하네.,부정,0,[],1,['걱정'],-1,0.269 ,부정,O
595,나도 사람들과 어울리고 싶은데 자꾸만 겉돌게 돼.,부정,0,[],0,[],0,0.500 ,부정,O
596,취업 준비를 해야 하는데 무엇부터 해야 할지 모르겠어.,부정,0,[],0,[],0,0.500 ,부정,O
597,동생이 내 차를 몰래 가지고 나갔다가 사고를 냈어. 내 허락도 없이 몰래 일을 저질렀는데 차도 심하게 망가져서 더 화가 나는 것 같아.,부정,0,[],2,"['없이', '화']",-2,0.119 ,부정,O
598,눈이 나빠져서 병원에 갔더니 백내장이 있고 눈에 뭔가 이상이 있다고 해.,부정,0,[],1,['백내장'],-1,0.269 ,부정,O
599,장염 때문에 화장실에 빨리 가야 하는데 지하철에서 사람들이 빨리빨리 움직이지 않아 너무 화가 나.,부정,0,[],2,"['빨리', '화']",-2,0.119 ,부정,O
